Unknown_001.wav,BassTrombone
Unknown_002.wav,Cello
Unknown_003.wav,Viola
Unknown_004.wav,Marimba
Unknown_005.wav,BbClarinet
Unknown_006.wav,EbClarinet
Unknown_007.wav,Cello
Unknown_008.wav,BassTrombone
Unknown_009.wav,BbClarinet
Unknown_010.wav,EbClarinet
Unknown_011.wav,BbClarinet
Unknown_012.wav,BbClarinet
Unknown_013.wav,Viola
Unknown_014.wav,BbClarinet
Unknown_015.wav,Cello
Unknown_016.wav,Cello
Unknown_017.wav,BassTrombone
Unknown_018.wav,BbClarinet
Unknown_019.wav,Violin
Unknown_020.wav,Viola
Unknown_021.wav,EbClarinet
Unknown_022.wav,EbClarinet
Unknown_023.wav,EbClarinet
Unknown_024.wav,Violin
Unknown_025.wav,Violin
Unknown_026.wav,Cello
Unknown_027.wav,Marimba
Unknown_028.wav,EbClarinet
Unknown_029.wav,Viola
Unknown_030.wav,Viola
Unknown_031.wav,EbClarinet
Unknown_032.wav,BbClarinet
Unknown_033.wav,EbClarinet
Unknown_034.wav,Cello
Unknown_035.wav,Xylophone
Unknown_036.wav,BassTrombone
Unknown_037.wav,Violin
Unknown_038.wav,BassClarinet
Unknown_039.wav,TenorTrombone
Unknown_040.wav,BassTrombone
Unknown_041.wav,BassClarinet
Unknown_042.wav,Viola
Unknown_043.wav,Marimba
Unknown_044.wav,Cello
Unknown_045.wav,Viola
Unknown_046.wav,BassClarinet
Unknown_047.wav,TenorTrombone
Unknown_048.wav,BassClarinet
Unknown_049.wav,Cello
Unknown_050.wav,BassTrombone
Unknown_051.wav,Marimba
Unknown_052.wav,TenorTrombone
Unknown_053.wav,BbClarinet
Unknown_054.wav,Cello
Unknown_055.wav,Violin
Unknown_056.wav,EbClarinet
Unknown_057.wav,Marimba
Unknown_058.wav,Cello
Unknown_059.wav,EbClarinet
Unknown_060.wav,Cello
Unknown_061.wav,Marimba
Unknown_062.wav,Violin
Unknown_063.wav,EbClarinet
Unknown_064.wav,Marimba
Unknown_065.wav,EbClarinet
Unknown_066.wav,BbClarinet
Unknown_067.wav,Cello
Unknown_068.wav,Marimba
Unknown_069.wav,BbClarinet
Unknown_070.wav,Marimba
Unknown_071.wav,Xylophone
Unknown_072.wav,BbClarinet
Unknown_073.wav,Viola
Unknown_074.wav,Cello
Unknown_075.wav,EbClarinet
Unknown_076.wav,Cello
Unknown_077.wav,Viola
Unknown_078.wav,Cello
Unknown_079.wav,EbClarinet
Unknown_080.wav,BbClarinet
Unknown_081.wav,BassClarinet
Unknown_082.wav,EbClarinet
Unknown_083.wav,Violin
Unknown_084.wav,BassClarinet
Unknown_085.wav,Marimba
Unknown_086.wav,Violin
Unknown_087.wav,Viola
Unknown_088.wav,BbClarinet
Unknown_089.wav,BassTrombone
Unknown_090.wav,BbClarinet
Unknown_091.wav,Violin
Unknown_092.wav,BassClarinet
Unknown_093.wav,Marimba
Unknown_094.wav,BassTrombone
Unknown_095.wav,TenorTrombone
Unknown_096.wav,Violin
Unknown_097.wav,Xylophone
Unknown_098.wav,Violin
Unknown_099.wav,Viola
Unknown_100.wav,Marimba
Unknown_101.wav,Violin
Unknown_102.wav,Cello
Unknown_103.wav,Viola
Unknown_104.wav,Cello
Unknown_105.wav,Cello
Unknown_106.wav,TenorTrombone
Unknown_107.wav,BassTrombone
Unknown_108.wav,EbClarinet
Unknown_109.wav,Marimba
Unknown_110.wav,Violin
Unknown_111.wav,BassTrombone
Unknown_112.wav,BassTrombone
Unknown_113.wav,Cello
Unknown_114.wav,Xylophone
Unknown_115.wav,EbClarinet
Unknown_116.wav,BassClarinet
Unknown_117.wav,BassClarinet
Unknown_118.wav,Marimba
Unknown_119.wav,BbClarinet
Unknown_120.wav,EbClarinet
Unknown_121.wav,Marimba
Unknown_122.wav,Xylophone
Unknown_123.wav,Xylophone
Unknown_124.wav,TenorTrombone
Unknown_125.wav,BassClarinet
Unknown_126.wav,BassClarinet
Unknown_127.wav,EbClarinet
Unknown_128.wav,Marimba
Unknown_129.wav,Xylophone
Unknown_130.wav,Xylophone
Unknown_131.wav,BbClarinet
